{"working_dir":null,"default_chunk_options":{"eval":true},"chunk_definitions":[{"row":10,"row_count":1,"visible":true,"expansion_state":0,"options":{"engine":"r","label":"setup","include":false},"document_id":"B2CD5791","chunk_id":"csetup_chunk","chunk_label":"setup"},{"row":18,"row_count":1,"visible":true,"expansion_state":0,"options":{"engine":"r","label":"library"},"document_id":"B2CD5791","chunk_id":"cph1u3d52i4kj","chunk_label":"library"},{"row":41,"row_count":1,"visible":true,"expansion_state":0,"options":{"engine":"r","label":"q1a"},"document_id":"B2CD5791","chunk_id":"cr73eoec4ctoe","chunk_label":"q1a"},{"row":47,"row_count":1,"visible":true,"expansion_state":0,"options":{"engine":"r","label":"q2a"},"document_id":"B2CD5791","chunk_id":"czxmd4uq4305m","chunk_label":"q2a"},{"row":53,"row_count":1,"visible":true,"expansion_state":0,"options":{"engine":"r","label":"q3a"},"document_id":"B2CD5791","chunk_id":"crp57nmhgn8ae","chunk_label":"q3a"},{"row":78,"row_count":1,"visible":true,"expansion_state":0,"options":{"engine":"r","label":"q1b"},"document_id":"B2CD5791","chunk_id":"ccwrbhea7amvd","chunk_label":"q1b"},{"row":83,"row_count":1,"visible":true,"expansion_state":0,"options":{"engine":"r","label":"q2b"},"document_id":"B2CD5791","chunk_id":"c65qs6rhh5to4","chunk_label":"q2b"}],"doc_write_time":1615789847}